Target,Taboo 1,Taboo 2,Taboo 3,Taboo 4,Taboo 5,Taboo 6,Taboo 7
famille,parents,mère,père,frère,sœur,enfants,maison
nom,prénom,identité,écrire,dire,lettres,papier,carte
langue,parler,français,anglais,mots,voix,bouche,communication
culture,tradition,coutume,valeurs,musique,livres,danse,histoire
fête,célébration,anniversaire,cadeau,musique,danser,inviter,gâteau
pays,France,ville,drapeau,Europe,carte,frontière,continent
ville,maison,école,rue,quartier,voiture,bus,gens
coutume,tradition,habitude,famille,pays,faire,ancienne,culture
histoire,passé,livre,personnes,temps,événement,date,raconter
cuisine,manger,plat,chef,recette,four,cuisiner,restaurant
musique,chanter,instrument,chanson,écouter,radio,danse,sons
danse,musique,bouger,corps,pieds,salle,groupe,fête
religion,Dieu,prier,église,foi,musulman,croyance,culte
valeurs,important,respect,aider,bien,société,famille,vivre
nationalité,passeport,pays,origine,carte,loi,français,citoyen
identité,soi,nom,photo,carte,personne,qui,être
photo,image,appareil,visage,souvenir,papier,voir,regarder
voix,parler,chanter,fort,faible,bouche,écouter,sons
peau,corps,main,brun,clair,noir,blanc,visage
cheveux,tête,longs,courts,noirs,blonds,bruns,coiffer
visage,nez,yeux,bouche,joues,photo,voir,sourire
main,bras,doigt,poignée,saluer,écrire,geste,serrer
amitié,ami,copain,aimer,parler,jouer,rire,ensemble
groupe,personnes,ensemble,amis,école,jouer,classe,activité
frère,sœur,famille,garçon,parents,enfant,jeune,maison
sœur,frère,fille,famille,parents,enfant,aînée,petite
école,classe,maître,élèves,apprendre,salle,tableau,leçon
voisin,à côté,maison,saluer,bonjour,bruit,jardin,personne
quartier,ville,rue,voisins,supermarché,école,gens,immeuble
habitude,faire,chaque,jour,manger,lever,routine,souvent
temps,montre,matin,soir,heure,tard,vite,moment
année,mois,janvier,décembre,temps,calendrier,passé,fête
hiver,neige,froid,gants,manteau,glace,bonnet,décembre
été,soleil,vacances,chaud,plage,juillet,août,maillot
printemps,fleurs,beau,mars,avril,mai,oiseaux,jardin
automne,feuilles,orange,brun,septembre,pluie,vent,saison
littérature,livres,écrire,auteur,roman,histoire,page,bibliothèque
poésie,rimes,vers,écrire,sentiments,mots,auteur,beauté
cinéma,film,acteur,regarder,écran,salle,histoire,popcorn
acteur,film,personnage,jouer,rôle,cinéma,scène,célébrité
mode,vêtements,habits,tendance,défilé,style,beauté,look
art,peinture,dessin,sculpture,création,beau,galerie,artiste
peinture,tableau,couleurs,dessin,mur,pinceau,art,toile
sculpture,statue,pierre,marbre,art,forme,main,galerie
livre,pages,lire,écrire,histoire,roman,auteur,bibliothèque
chanson,musique,chanter,paroles,voix,radio,écouter,rythme
maison,pièce,chambre,salon,toit,porte,fenêtre,habiter
gâteau,dessert,sucre,anniversaire,cuire,farine,chocolat,cuisine
père,mère,famille,papa,parents,homme,enfant,maison
mère,papa,femme,parents,famille,enfant,aimer,soigner
